title,description,city,date,url
Le grand r√©cit de l'Univers,"Une enqu√™te passionnante pour d√©couvrir la g√©n√©alogie de la mati√®re, en remontant le temps jusqu'√† la formation des tout premiers atomes, voil√† 13,7 milliards d'ann√©es.",Paris,,https://openagenda.com/cite-des-sciences/events/le-grand-recit-de-lunivers_761
Salon international  de l'agriculture 2025,"Retrouvez, comme chaque ann√©e, les Chambres d‚Äôagriculture au Salon international de l'agriculture (SIA), du 22 f√©vrier au 2 mars 2025 au Parc des expositions Paris - Porte de Versailles.",Paris,,https://openagenda.com/chambre-agriculture-charente/events/salon-international-de-lagriculture-8886068
L'aquarium,"Derri√®re les vitres de l'aquarium, se niche une communaut√© de plantes et d'animaux.",Paris,,https://openagenda.com/echosciences/events/laquarium_847
SISYPHE - Donia Berriri : Septembre Ardent,"Un op√©ra de science-fiction pour quatre musiciens extra-terrestres, port√© par les voix singuli√®res de Nosfell et Donia Berriri.",Paris,,https://openagenda.com/culture/events/septembre-ardent-8064749
"LE CONCERT SPIRITUEL - Mozart et Colloredo, un conflit au c≈ìur de Salzbourg",Messes br√®ves de Mozart et ≈ìuvres des fr√®res Haydn,Paris,,https://openagenda.com/culture/events/le-concert-spirituel-messes-breves-de-mozart
Visite guid√©e des ateliers de Maison Poursin,Visite comment√©e,Paris,,https://openagenda.com/jep-2025-ile-de-france/events/visite-guidee-des-ateliers-de-maison-poursin-2294235
Focus Art d√©co et architecture d'un b√¢timent iconique des ann√©es 30,"Conf√©rence ""Focus Art d√©co et architecture d'un b√¢timent iconique des ann√©es 30""",Paris,,https://openagenda.com/jep-2025-ile-de-france/events/enfoque-en-el-art-deco-y-la-arquitectura-de-un-edificio-emblematico-de-los-anos-30
Conf√©rence - L'histoire de l'incendie du Bazar de la Charit√©,"Conf√©rence ""L'histoire de l'incendie du Bazar de la Charit√©""",Paris,,https://openagenda.com/jep-2025-ile-de-france/events/conference-lhistoire-de-lincendie-du-bazar-de-la-charite-951705
Visite guid√©e des Grands D√©p√¥ts des Archives nationales pour le public famille (enfants de 7 √† 15 ans accompagn√©s de leurs parents),Visite comment√©e,Paris,,https://openagenda.com/jep-2025-ile-de-france/events/visite-guidee-des-grands-depots-des-archives-nationales-pour-le-public-famille-enfants-de-7-a-15-ans-accompagnes-de-leurs-parents
Visite guid√©e de La Ruche Cit√© d'artistes,Visite comment√©e,Paris,,https://openagenda.com/jep-2025-ile-de-france/events/visite-guidee-de-la-ruche-cite-datistes
Pi√®ce de th√©√¢tre ¬´ La grande route ¬ª,Repr√©sentation th√©√¢trale *La grande route* d‚ÄôAnton Tchekhov,Paris,,https://openagenda.com/jep-2025-ile-de-france/events/piece-de-theatre-8578637
Atelier Parole de commissaire-priseur : Paris Mon Amour,Atelier,Paris,,https://openagenda.com/jep-2025-ile-de-france/events/atelier-parole-de-commissaire-priseur-paris-mon-amour
Pr√©sentation de m√©tiers par les √©quipes de l‚ÄôInstitut national d‚Äôhistoire de l‚Äôart,"L‚Äôouverture exceptionnelle de la biblioth√®que de l‚ÄôInstitut national d‚Äôhistoire de l‚Äôart lors des Journ√©es europ√©ennes du patrimoine, est l‚Äôoccasion pour les personnels pr√©sents, qu‚Äôils soient conser‚Ä¶",Paris,,https://openagenda.com/jep-2025-ile-de-france/events/presentation-de-metiers-par-les-equipes-de-linstitut-national-dhistoire-de-lart-6660862
D√©couverte de l'H√¥tel de Clermont,"L‚ÄôH√¥tel de Clermont est l‚Äôun des plus anciens h√¥tels particuliers du ¬´ Noble Faubourg ¬ª, quartier qui na√Æt au d√©but du XVIIIe si√®cle sur les terres de l‚Äôabbaye de Saint-Germain-des-Pr√©s, pr√®s des √† ‚Ä¶",Paris,,https://openagenda.com/jep-2025-ile-de-france/events/decouverte-de-lhotel-de-clermont
"Patrice Alexandre, un sculpteur au Jardin des Plantes",Exposition de sculptures,Paris,,https://openagenda.com/jep-2025-ile-de-france/events/patrice-alexandre-un-sculpteur-au-jardin-des-plantes
Duo Nuph√©ar - Concert au Festival du Saule,(1h00) DUO NUPH√âAR,Paris,,https://openagenda.com/jep-2025-ile-de-france/events/duo-nuphear-concert-au-festival-du-saule
Complet - Visite guid√©e de la R√©sidence de l'ambassadeur de Belgique,"√Ä l'occasion de l'√©dition 2025 des Journ√©es europ√©ennes du patrimoine, la R√©sidence de l'ambassadeur du Belgique en France ouvre pour la premi√®re fois ses portes. Propri√©t√© de l'√âtat belge depuis de ‚Ä¶",Paris,,https://openagenda.com/jep-2025-ile-de-france/events/visite-guidee-de-la-residence-de-lambassadeur-de-belgique
Projection de documentaires,Projection de documentaires,Paris,,https://openagenda.com/jep-2025-ile-de-france/events/exposicion-oum-kalsoum-su-recital-en-paris-en-1967
Visite libre de la Rue Hospitali√®re,"A l'occasion de ses 25 ans, l'H√¥pital europ√©en Georges-Pompidou vous propose de d√©couvrir librement une exposition autour de l'histoire de l'h√¥pital et des innovations scientifiques port√©es par les ‚Ä¶",Paris,,https://openagenda.com/jep-2025-ile-de-france/events/exposition-25-ans-de-lhegp-histoire-et-innovations
Visite guid√©e de l'h√¥tel MGallery Paris Bastille Boutet,Visite comment√©e de l'h√¥tel,Paris,,https://openagenda.com/jep-2025-ile-de-france/events/visite-de-lhotel-mgallery-paris-bastille-boutet
Visites guid√©es de la place Vend√¥me,Visites guid√©es de la Place Vend√¥me,Paris,,https://openagenda.com/jep-2025-ile-de-france/events/visites-guidees-de-la-place-vendome
Conf√©rence sur l'architecture foraine,Conf√©rence,Paris,,https://openagenda.com/jep-2025-ile-de-france/events/conference-sur-larchitecture-foraine
"Trois ateliers-d√©mo : deux sp√©cialit√©s ""Peinture"" et ""Arts graphiques et livre"", et ""num√©risation"" en partenariat avec la plateforme Plemo3D","Atelier-d√©monstration en peinture, arts graphiques et livre, num√©risation",Paris,,https://openagenda.com/jep-2025-ile-de-france/events/trois-ateliers-demo-deux-specialites-peinture-et-arts-graphiques-et-livre-et-numerisation-en-partenariat-avec-la-plateforme-plemo3d
Atelier famille de d√©couverte de la construction,Atelier ludique,Paris,,https://openagenda.com/jep-2025-ile-de-france/events/atelier-famille-4-6-ans-a-la-decouverte-de-la-construction
"Photographier le patrimoine du Liban, 1864-1970",Exposition patrimoine Liban,Paris,,https://openagenda.com/jep-2025-ile-de-france/events/photographier-le-patrimoine-du-liban-1864-1970-5340434
"Visite guid√©e ""IMArchitecture : parcours architectural √† travers le b√¢timent de l'Institut du monde arabe""",Visite comment√©e architecture,Paris,,https://openagenda.com/jep-2025-ile-de-france/events/visite-guidee-imarchitecture-parcours-architectural-a-travers-le-batiment-de-linstitut-du-monde-arabe
"""√Ä livres ouverts, trois lucioles entre les pages !"" Lectures jeune public et familles",Atelier lecture,Paris,,https://openagenda.com/jep-2025-ile-de-france/events/a-livres-ouverts-trois-lucioles-entre-les-pages-lectures-jeune-public-et-familles
Supply Chain Event,"Le salon professionnel majeur d√©di√© √† la transformation digitale de la supply chain, r√©unissant chaque ann√©e experts et d√©cideurs pour √©changer sur les innovations du secteur.",Paris,,https://openagenda.com/kestocal-agenda-collaboratif-evenements-supply-chain-france/events/supply-chain-event-330950
LA BIODIVERSIT√â DANS LES CIMETI√àRES PARISIENS ET LES NOUVELLES M√âTHODES D‚ÄôENTRETIEN,Un stand pour d√©couvrir et comprendre les nouvelles m√©thodes d‚Äôentretien des cimeti√®res,Paris,,https://openagenda.com/printemps-des-cimetieres-2025/events/la-biodiversite-dans-les-cimetieres-parisiens-et-les-nouvelles-methodes-dentretien
LES PERSONNALIT√âS MILITAIRES DU CIMETI√àRE,Visite guid√©e,Paris,,https://openagenda.com/printemps-des-cimetieres-2025/events/les-personnalites-militaires-du-cimetiere
RECITAL POETIQUE,S√©lection d‚Äô≈ìuvres de Charles Baudelaire √† √©couter,Paris,,https://openagenda.com/printemps-des-cimetieres-2025/events/recitation-poetique
D√©couverte de la distillerie L'Alambic Parisien !,D√©couvrez une distillerie de spiritueux √† Paris !,Paris,,https://openagenda.com/jna2025/events/decouverte-dune-distillerie-a-paris
"C√©l√©brons les Producteurs de chez nous au U Express
 de PARIS SOULT",1 don = 1 coup de pouce aux agriculteurs,Paris,,https://openagenda.com/jna2025/events/celebrons-les-producteurs-de-chez-nous-au-u-express-de-paris-soult
Starter,3 jours pour d√©couvrir les m√©tiers de h√¥tellerie et des restaurations,Paris,,https://openagenda.com/semaine-des-metiers-du-tourisme/events/starter-849392
Journ√©e Portes Ouvertes,L'objectif de la journ√©e est de pr√©senter aux √©tudiants les m√©tiers de l'h√¥tellerie restauration et de pr√©senter nos √©coles,Paris,,https://openagenda.com/semaine-des-metiers-du-tourisme/events/journee-portes-ouvertes-3423995
CONF√âRENCE & COACHING au salon Mondial du Tourisme de Paris,üí• CONF√âRENCE & COACHING au salon Mondial du Tourisme de Paris üìÜ Jeudi 13 mars & vendredi 14 mars 2025 üé§ Conseils & astuces pour se faire recruteur dans le tourisme,Paris,,https://openagenda.com/semaine-des-metiers-du-tourisme/events/conference-and-coaching-au-salon-mondial-du-tourisme-de-paris
Atelier pr√©paratoire au Bal Arrang√© 6,Bal Arrang√© #6,Paris,,https://openagenda.com/eteculturel-2025-ile-de-france/events/atelier-preparatoire-au-bal-arrange-6-6667990
R√©p√©tition g√©n√©rale du Bal Arrang√© 6,Bal Arrang√© #6,Paris,,https://openagenda.com/eteculturel-2025-ile-de-france/events/repetition-generale-du-bal-arrange-6
Les impromptus,Contes d'√©t√©,Paris,,https://openagenda.com/eteculturel-2025-ile-de-france/events/les-impromptus-7905246
Culture Autrement @ Kiosques en f√™tes,"Culture Autrement cr√©e et anime des rencontres en √éle-de-France (concerts et spectacles avec temps d'√©change, ateliers, performances, m√©diation culturelle) avec tous les publics, petits et grands, et‚Ä¶",Paris,,https://openagenda.com/eteculturel-2025-ile-de-france/events/culture-autrement-kiosques-en-fetes-3937869
L'√©cho du Bal - Spectacle musical,Rythme d'√©t√© √† Porte de Vanves,Paris,,https://openagenda.com/eteculturel-2025-ile-de-france/events/vzy-vzy-vzy-spectacle-musical
Sensibilisation,Animations sur les repr√©sentations li√©es au VIH et √† la vie avec le VIH,Paris,,https://openagenda.com/idf-sans-sida/events/sensibilisation-8310943
Atelier,Activit√© Physique Adapt√©e,Paris,,https://openagenda.com/idf-sans-sida/events/atelier-2264971
Visite de combles am√©nag√©s et agence d'architecture,Portes ouvertes et visite d'un studio optimis√©,Paris,,https://openagenda.com/jnarchi-2025-ile-de-france/events/visite-de-combles-amenages-et-agence-darchitecture
De l'usine √† l'√©cole : la m√©tamorphose,"Les √©tapes de transformation et m√©tamorphoses de l‚Äôancienne usine √† l‚Äô√âcole d‚Äôarchitecture aujourd‚Äôhui, en images. Photos et dessins de l‚Äôancienne usine √† l‚Äô√âcole d‚Äôarchitecture aujourd‚Äôhui en par la‚Ä¶",Paris,,https://openagenda.com/jnarchi-2025-ile-de-france/events/de-lusine-a-lecole-la-metamorphose
"EXPOSITION ""D‚ÄôUN SEMESTRE A L‚ÄôAUTRE : ENTRE VISION ET REALISATION""",Les √©tudiants de premi√®re ann√©e de l'ENSA Paris-Val de Seine invite √† d√©couvrir les travaux men√©s lors du semestre 2 et comment ils sont initi√©s √† l'architecture par leurs enseigants.,Paris,,https://openagenda.com/jnarchi-2025-ile-de-france/events/travaux-etudiants-du-semestre-2
Grand Jeu d'Enqu√™te,"Participez √† une enqu√™te interactive pour aider le Comte Maillard de Marafy √† retrouver un objet vol√©. Une activit√© ludique et √©ducative, accessible d√®s 10 ans (sur inscription).",Paris,,https://openagenda.com/ndm-2025-ile-de-france/events/grand-jeu-denquete
Ch√®re Melpom√®ne,"Un appel √† d√©jouer les mythes classiques pour transmettre d‚Äôautres histoires plus proches de notre quotidien. L‚Äôexposition _Ch√®re Melpom√®ne_ invite √† √©couter, ressentir et respirer ensemble, dans une‚Ä¶",Paris,,https://openagenda.com/ndm-2025-ile-de-france/events/chere-melpomene
LA visite du C2RMF - 20h30,"La Nuit europ√©enne des mus√©es est de retour pour sa 21e √©dition, l'occasion de venir faire un tour au C2RMF √† la tomb√©e de la nuit.",Paris,,https://openagenda.com/ndm-2025-ile-de-france/events/la-visite-du-c2rmf-20h30
Conf√©rence Les grandes r√©alisations parisiennes des fr√®res Pereire,"Avec Patrick Rollot, pr√©sident d‚ÄôHistoire & Patrimoine Paris 17e",Paris,,https://openagenda.com/ndm-2025-ile-de-france/events/conference-les-grandes-realisations-parisiennes-des-freres-pereire
Visite slow art & food ¬´ Rattrapez le temps perdu avec Proust ¬ª,"Cet √©v√©nement est propos√© dans le cadre du [week-end festif ""Carnavalet et vous""](https://www.carnavalet.paris.fr/visiter/offre-culturelle/carnavalet-et-vous-le-musee-aux-jeunes-0) qui a lieu le 17 √†‚Ä¶",Paris,,https://openagenda.com/ndm-2025-ile-de-france/events/visite-slow-art-and-food-rattrapez-le-temps-perdu-avec-proust
"Visite de l' exposition ""Auguste Comte et Saint-Simon""","Cette exposition, qui s'inscrit dans la comm√©moration du bicentenaire de la mort d'Henri Saint-Simon (1760-1825), figure marquante du premier XIXe si√®cle mais aussi inspiration et mod√®le pour un : de‚Ä¶",Paris,,https://openagenda.com/ndm-2025-ile-de-france/events/visite-de-l-exposition-auguste-comte-et-saint-simon
"Exp√©rience visuelle ""Que voyez-vous?""","Une invitation √† faire une double exp√©rience : se saisir des images, en m√™me temps qu‚Äôappr√©hender notre mani√®re ¬´d‚Äô√™tre saisi¬ª par elles. Et ce faisant, √©tablir un v√©ritable dialogue.",Paris,,https://openagenda.com/rdvj-2025-ile-de-france/events/experience-visuelle-que-voyez-vous
Jardin d'artistes,"Suivez nos guides au c≈ìur d'un √©crin de verdure unique le temps d'une visite ""Jardin d'artistes"" !",Paris,,https://openagenda.com/rdvj-2025-ile-de-france/events/jardin-dartistes-3571124
Challenge vid√©o interg√©n√©rationnel,"Volontaires et jeunes b√©n√©voles des Petits Fr√®res des Pauvres rel√®vent avec nos a√Æn√©s un challenge vid√©o, pour partager en story la richesse des liens interg√©n√©rationnels.",Paris,,https://openagenda.com/rencontres-entre-generations-2025/events/challenge-video-intergenerationnel-2861596
Visite guid√©e de la Biblioth√®que Fran√ßois-Mitterrand et de ses salles de lecture (Public du champ social),"D√©couvrez les salles de lecture de la biblioth√®que Fran√ßois-Mitterrand et plongez au c≈ìur du plus grand site de la BnF. Apr√®s avoir explor√© les coulisses de la biblioth√®que, vous acc√®derez, lorsque 4‚Ä¶",Paris,,https://openagenda.com/biblis-en-folie-2025/events/visite-guidee-de-la-bibliotheque-francois-mitterrand-et-de-ses-salles-de-lecture
Cosmos et aquarelle,Atelier aquarelle d√©butant.,Paris,,https://openagenda.com/biblis-en-folie-2025/events/cosmos-et-aquarelle
Atelier maquillage,Un atelier maquillage viendra transformer la m√©diath√®que en un v√©ritable festival de couleurs et de paillettes √† l‚Äôoccasion des Biblis en folie !,Paris,,https://openagenda.com/biblis-en-folie-2025/events/atelier-maquillage-9826239
Atelier crochet,Crochet en folie : venez passer un moment convivial o√π les pelotes de laine se m√™lent aux rires et aux discussions.,Paris,,https://openagenda.com/biblis-en-folie-2025/events/atelier-crochet-8439594
LE PRINCE DU BIZARRE,dans le cadre du Festival Culture Bar-Bars,Paris,,https://openagenda.com/festival-culture-bar-bars/events/le-prince-du-bizarre-6543527
Prendre Soin,Compagnie A Zeldin - Alexander Zeldin,Paris,,https://openagenda.com/culture/events/prendre-soin-82822
La Vie Invisible,La Br√®che - Lorraine de Sagazan,Paris,,https://openagenda.com/culture/events/la-vie-invisible-6603719
Atelier Fresque du sol en ligne,"La Fresque du sol est un atelier collaboratif pour d√©couvrir les composantes du sol, son fonctionnement et l'ensemble des services que l'Homme en retire. L'alimentation en fait partie.",Paris,,https://openagenda.com/la-grande-semaine-vegetale/events/atelier-fresque-du-sol-en-ligne
Brunch V√©g√©tal,Un brunch gourmand et 100 % v√©g√©tal pour partager un moment convivial au c≈ìur du festival !,Paris,,https://openagenda.com/la-grande-semaine-vegetale/events/brunch-vegetal
HOWNOW - Atelier d'initiation au Krump,Florentin Ginot,Paris,,https://openagenda.com/culture/events/atelier-dinitiation-au-krump
HOW NOW : Krump Get Off - projection & rencontre,√ât√© culturel,Paris,,https://openagenda.com/culture/events/krump-get-off-projection-and-rencontre
Sillages,Cie Nevoa - L√©o Ricordel et Quentin Beaufils,Paris,,https://openagenda.com/culture/events/sillages-7478792
"ONCEIM - Premi√®re de ""Orbes"" de Fran√ßois Bonnet et reprise de ""Occam Ocean"" d'Eliane Radigue","Fran√ßois J. Bonnet & Eliane Radigue - Festival d'Automne √† Paris Lundi 6 octobre 2025 - 20h30 Eglise du Saint-Esprit, Paris",Paris,,https://openagenda.com/culture/events/premiere-de-orbes-de-francois-bonnet-commandee-par-lonceim-et-reprise-de-occam-ocean-deliane-radigue
Accueil artistique au Maquis d'√âmerveille,"Un jardin sauvage, artistique, d√©di√© aux tout-petits, une parenth√®se de nature au milieu de Paris..",Paris,,https://openagenda.com/jardins-ouverts-2025/events/accueil-artistique-au-maquis-demerveille-4442699
Permanences vertes Charbon Vert,"Les b√©n√©voles de l'association Jardin Charbon Vert vous accueillent chaque mercredi et samedi apr√®s-midi pendant les ""permanence vertes"" o√π le jardin est ouvert √† la rencontre pour toutes‚Ä¢s !",Paris,,https://openagenda.com/jardins-ouverts-2025/events/permanences-vertes-charbon-vert
Pi√®ces de th√©√¢tre au jardin Ver T√™tu,La R√©gie de quartier du 19√®me proposera 4 repr√©sentations de th√©√¢tre au Jardin du Ver T√™tu,Paris,,https://openagenda.com/jardins-ouverts-2025/events/pieces-de-theatre-au-jardin-ver-tetu
Visite guid√©e de la ferme de quartier de la Salamandre,D√©couvrez la ferme de quartier de la Salamandre,Paris,,https://openagenda.com/jardins-ouverts-2025/events/porte-ouverte-de-la-ferme-de-quartier-de-la-salamandre
Nmiyati Miyako-jima - Bienvenue √† Miyako-jima,F√™te de la musique 2025,Paris,,https://openagenda.com/fetedelamusique2025/events/7325494
Concert de tambour Japonais par Tsunagari Taiko,F√™te de la musique 2025,Paris,,https://openagenda.com/fetedelamusique2025/events/concert-de-tambour-japonais-par-tsunagari-taiko
Livy Band (Su√®de),F√™te de la musique 2025,Paris,,https://openagenda.com/fetedelamusique2025/events/livy-band-suede
Misatango de Martin Palmeri,F√™te de la musique 2025,Paris,,https://openagenda.com/fetedelamusique2025/events/misatango-de-martin-palmeri-4119581
Rencontre Musicale √âlectro-Industrielle,F√™te de la musique 2025,Paris,,https://openagenda.com/fetedelamusique2025/events/fdlm-electro-industrielle
Retour aux sources du n√©gro spiritual,F√™te de la musique 2025,Paris,,https://openagenda.com/fetedelamusique2025/events/retour-aux-sources-du-negro-spiritual
Ouverture exceptionnelle de l'H√¥tel Pereire,Visite libre,Paris,,https://openagenda.com/jep-2025-ile-de-france/events/ouverture-exceptionnelle-de-lhotel-pereire
"Les brigades centrales de la pr√©fecture de Police, pierres angulaires de la police judiciaire","Exposition ""Les brigades centrales de la pr√©fecture de Police, pierres angulaires de la police judiciaire""",Paris,,https://openagenda.com/jep-2025-ile-de-france/events/les-brigades-centrales-de-la-prefecture-de-police-pierres-angulaires-de-la-police-judiciaire-8471220
√Ä la d√©couverte d'une √©glise J√©suite parisienne,Visite comment√©e,Paris,,https://openagenda.com/jep-2025-ile-de-france/events/visite-guidee-de-leglise-4052662
"""D√©fense d'ignorer"". Le patrimoine architectural dans les collections de l‚ÄôINHA.",Exposition : collections permanentes de l'INHA,Paris,,https://openagenda.com/jep-2025-ile-de-france/events/defense-dignorer-le-patrimoine-architectural-dans-les-collections-de-linha
"Exposition du concours ""R√™ver la Cit√©"" √† la Fondation Hell√©nique","Exposition ""R√™ver la Cit√©""",Paris,,https://openagenda.com/jep-2025-ile-de-france/events/exposition-du-concours-rever-la-cite-a-la-fondation-hellenique
Visite libre de la chapelle Saint-Patrick,Visite libre,Paris,,https://openagenda.com/jep-2025-ile-de-france/events/visita-libre-a-la-capilla-de-san-patricio
Atelier de Samba br√©silienne,"Atelier ""Samba br√©silienne""",Paris,,https://openagenda.com/jep-2025-ile-de-france/events/atelier-de-samba-bresilienne
"Concert de Don L, star du rap br√©silien",Concert de rap br√©silien,Paris,,https://openagenda.com/jep-2025-ile-de-france/events/concert-de-don-l-star-du-rap-bresilien
Visite des trois mus√©es de la Biblioth√®que Polonaise de Paris,Visite libre,Paris,,https://openagenda.com/jep-2025-ile-de-france/events/visita-a-los-tres-museos-de-la-biblioteca-polaca-de-paris-332702
SURNATURAL ORCHESTRA : Surnatural for kidz,"Big band animal et instinctif, Surnatural Orchestra fait r√©sonner un jazz d‚Äôaujourd‚Äôhui, √©nergique et abordable.",Paris,,https://openagenda.com/culture/events/surnatural-for-kidz
Les petites soeurs n'ont pas le droit de souffrir,"La Compagnie Toute Nue - H√©lo√Øse Marty, Charlie Petit, Clara Antoons",Paris,,https://openagenda.com/culture/events/les-petites-soeurs-nont-pas-le-droit-de-souffrir-9910806
Village de l'industrie,"Un ¬´ Village de l‚Äôindustrie ¬ª sera install√© et structur√© autour de quatre th√©matiques : Femmes, sciences et industrie, Innovations num√©riques et IA, Transition √©nerg√©tique, Parcours √©ducatifs",Paris,,https://openagenda.com/semaine-industrie-2025/events/village-de-lindustrie-5397809
Village de l'industrie,"Un ¬´ Village de l‚Äôindustrie ¬ª sera install√© et structur√© autour de quatre th√©matiques : Femmes, sciences et industrie, Innovations num√©riques et IA, Transition √©nerg√©tique, Parcours √©ducatifs",Paris,,https://openagenda.com/semaine-industrie-2025/events/village-de-lindustrie-574193
Escape Game de l'Industrie,Un Escape Game sur table o√π chaque √©quipe collabore pour r√©soudre les √©nigmes et d√©couvrir les grandes familles de m√©tiers de l‚Äôindustrie.,Paris,,https://openagenda.com/semaine-industrie-2025/events/escape-game-de-lindustrie-5916267
Sur les traces de Saci Perere - Conte Br√©silien,"Nous vous convions √† un voyage dr√¥le et myst√©rieux, du c≈ìur de l'Amazonie aux plages du Nordeste. Il suffira de suivre le plus malicieux de tous les personnages rencontr√©s : le Saci Perere",Paris,,https://openagenda.com/hormur-plateforme-devenements-artistiques-dans-des-lieux-non-conventionnels/events/sur-les-traces-de-saci-perere-conte-bresilien
L'Homme et les g√®nes,"Les g√®nes, l'√©volution des esp√®ces, la reproduction... Au-del√† du d√©bat sur la bio√©thique : un d√©bat sur notre modernit√©.",Paris,,https://openagenda.com/echosciences/events/lhomme-et-les-genes-4844618
Soleil d'argent et Lune d'or - Conte musical,"Deux s≈ìurs sont s√©par√©es par la vie et la grande flaque, l'oc√©an Atlantique. Elles vont ensemble parcourir les terres des peuples premiers trop souvent occult√©s, des Andes aux chutes d‚ÄôIguazu.",Paris,,https://openagenda.com/hormur-plateforme-devenements-artistiques-dans-des-lieux-non-conventionnels/events/soleil-dargent-et-lune-dor-conte-musical
Peindre √† l'aquarelle au jardin du mus√©e Delacroix,D√©couvrez la technique de l‚Äôaquarelle en vous inspirant des couleurs du jardin et de la palette d‚ÄôEug√®ne Delacroix.,Paris,,https://openagenda.com/jardins-ouverts-2025/events/peindre-a-laquarelle-au-jardin-du-musee-delacroix
Soir√©e d‚Äôobservation du ciel,"Sous le ciel de Paris‚Ä¶ mais de nuit ! Cet √©t√©, rejoignez les √©quipes de l‚ÄôAssociation Fran√ßaise d‚ÄôAstronomie pour des soir√©es gratuites d‚Äôobservation et d‚Äôanimation du ciel.",Paris,,https://openagenda.com/jardins-ouverts-2025/events/soiree-dobservation-du-ciel-le-mercredi-27-aout-au-theatre-de-verdure-du-jardin-shakespeare
"Parcours nature entre terre, ciel et eau √† Paris","Venez explorer deux parcs parisiens du 15e arrondissement qui sont reli√©s par une promenade pi√©tonne, autrefois emprunt√©e par le train",Paris,,https://openagenda.com/jardins-ouverts-2025/events/parcours-nature-entre-terre-ciel-et-eau-a-paris-7285067
Concert de harpe,"Ateliers cr√©atifs, concerts acoustique, lectures, balades sensibles : venez d√©couvrir la vie foisonnante de ce tiers-lieu d‚Äôhospitalit√© et de cr√©ation, occup√© temporairement.",Paris,,https://openagenda.com/jardins-ouverts-2025/events/concert-de-harpe-6243449
Trance-fusion,F√™te de la musique 2025,Paris,,https://openagenda.com/fetedelamusique2025/events/trance-fusion
